0,1,2,3,4,5,6
330,Gokak Power & Energy Ltd,20.00,Solar,Belagavi,Karnataka,30-Mar-2018
331,"Suryodaya One Energy pvt. Ltd., (Shapoorji
Pallonji Infrastructure Capital Company Pvt
Ltd)",20.00,Solar,Belagavi,Karnataka,30-Mar-2018
332,Green Energy Solar Enterprises Pvt Ltd,30.00,Solar,Tumkur,Karnataka,30-Mar-2018
333,Golden Hatcheries,10.00,Solar,Tumkur,Karnataka,30-Mar-2018
334,"Hero Solar Energy Pvt Ltd [Clean Solar
power(tumkur) Pvt Ltd]",20.00,solar,Tumkur,Karnataka,30-Mar-2018
335,"Belgaum Solar Power Pvt. Ltd.,",20.00,Solar,Vijaypura,Karnataka,30-Mar-2018
336,Mamadapur Solar Pvt Ltd,15.00,Solar,Vijaypura,Karnataka,30-Mar-2018
337,"Shahi Exports Pvt. Ltd.,",40.00,Solar,Bidar,Karnataka,30-Mar-2018
338,H P Rajesh,3.00,Solar,Davanagere,Karnataka,31-Mar-2018
339,Global Tech Park Pvt Ltd,10.00,Solar,Tumkur,Karnataka,31-Mar-2018
340,Shri Keshav Cement & Infra Ltd,20.00,Solar,Koppal,Karnataka,31-Mar-2018
341,"Avaada Power Prvt Ltd (Solarsys Non-
Conventional Energy Pvt. Ltd.,)",28.00,Solar,Bagalkote,Karnataka,31-Mar-2018
342,"Avaada Power Prvt Ltd (Solarsys Non-
Conventional Energy Pvt. Ltd.,)",32.00,Solar,Koppal,Karnataka,31-Mar-2018
343,PV Line Power One Pvt Ltd,10.00,Solar,Tumkur,Karnataka,31-Mar-2018
344,Ecoren Energy India Power Pvt ltd,20.00,Solar,Raichur,Karnataka,31-Mar-2018
345,"Essel Green Energy Pvt Ltd [KN Muddebihal
solar energy pvt ltd]",20.00,Solar,Vijaypura,Karnataka,31-Mar-2018
346,Clean MaxHarsh Solar LLP(SP),24.88,Solar,Tumkur,Karnataka,31-Mar-2018
347,Surya jothi Energy Pvt Ltd,1.00,Solar,Chitradurga,Karnataka,31-Mar-2018
348,ReNew Saur Vidut Pvt Ltd,5.00,Solar,Ramanagara,Karnataka,31-Mar-2018
349,Hombale Construction And Estate Pvt Ltd,4.00,Solar,Chikkaballapura,Karnataka,12-Apr-2018
350,"OPG Power Generation Pvt Ltd [Mayfair
renewable energy pvt ltd]",20.00,Solar,Gadag,Karnataka,30-Apr-2018
351,"Wardha Solar (Maharashtra)Pvt Ltd SPV of
Paramapujya Solar Energy Pvt Ltd",40.00,solar,Koppal,Karnataka,30-Apr-2018
352,Shakuntala Naik,1.00,Solar,Vijaypura,Karnataka,3-May-2018
353,"OPG Power Generation Pvt Ltd [Aavanti
Solar Energy Pvt Ltd]",20.00,Solar,Haveri,Karnataka,8-May-2018
354,"Bagamane Green Power LLP (Doddanavar
Global Energy Pvt Ltd)",20.00,Solar,Belagavi,Karnataka,6-Jun-2018
355,KBJNL-MNRE Central Assistance,10.00,Solar,Bagalkote,Karnataka,20-Jun-2018
356,"Clean Solar Power (Gulbarga) Pvt Limited
SPV of Hero Solar Energy Private Limited",40.00,Solar,Kalaburgi,Karnataka,28-Jun-2018
357,Vahini Irrigation Pvt Ltd,1.00,Solar,Tumkur,Karnataka,20-Jul-2018
358,"Hotel Panduranga International
(Partnership Firm)",1.00,Solar,Tumkur,Karnataka,13-Aug-2018
359,"Infosys Limited,",30.00,Solar,Tumkur,Karnataka,29-Aug-2018
360,Bhramara Polymers Pvt Ltd,1.00,Solar,Chitradurga,Karnataka,17-Nov-2018
361,"Sree sSiddaganga Hospitals Pvt. Ltd.,",1.00,Solar,Chitradurga,Karnataka,17-Nov-2018
362,Giriraj Renewables PVt Ltd,50.00,Solar,Tumkur,Karnataka,20-Dec-2018
363,Basappa Phakirappa Hanji,3.00,Solar,Gadag,Karnataka,26-Dec-2018
364,Smt. Vijayalakshmi,2.00,Solar,Tumkur,Karnataka,19-Jan-2019
365,"Tata Power Rnewable Energy Ltd.,",50.00,Solar,Tumkur,Karnataka,4-Feb-2019
366,"Tata Power Rnewable Energy Ltd.,",50.00,Solar,Tumkur,Karnataka,4-Feb-2019
367,Giriraj Renewables PVt Ltd,50.00,Solar,Tumkur,Karnataka,6-Feb-2019
368,ReNew Solar Power Pvt Ltd,50.00,Solar,Tumkur,Karnataka,6-Feb-2019
369,ReNew Solar Power Pvt Ltd,50.00,Solar,Tumkur,Karnataka,22-Feb-2019
370,Giriraj Renewables PVt Ltd,50.00,Solar,Tumkur,Karnataka,27-Feb-2019
371,ReNew Solar Power Pvt Ltd,50.00,Solar,Tumkur,Karnataka,1-Mar-2019
372,Azure Power India Pvt Ltd,50.00,Solar,Tumkur,Karnataka,6-Mar-2019
373,"Tata Power Rnewable Energy Ltd.,",50.00,Solar,Tumkur,Karnataka,6-Mar-2019
374,Azure Power India Pvt Ltd,50.00,Solar,Tumkur,Karnataka,12-Mar-2019
375,ReNew Solar Power Pvt Ltd,50.00,Solar,Tumkur,Karnataka,20-Mar-2019
376,ReNew Solar Power Pvt Ltd,50.00,Solar,Tumkur,Karnataka,20-Mar-2019
377,"Tata Power Rnewable Energy Ltd.,",50.00,Solar,Tumkur,Karnataka,25-Mar-2019
378,"Tata Power Rnewable Energy Ltd.,",50.00,Solar,Tumkur,Karnataka,25-Mar-2019
379,ReNew Solar Power Pvt Ltd,50.00,Solar,Tumkur,Karnataka,28-Mar-2019
380,"Wardha Solar (Maharashtra)Pvt Ltd SPV of
Paramapujya Solar Energy Pvt Ltd",40.00,Solar,Vijaypura,Karnataka,05-04-2018
381,"United Telecoms Ltd (M/s United Surya
Energy Pvt Limited)",3.00,solar,Chitradurga,Karnataka,
382,"Karanataka Power Corporation Limited,
Bangalore",10.00,solar,Haveri,Karnataka,
383,Sagitaur Venture India Pvt Ltd,34.00,Solar,Chitradurga,Karnataka,
,Total (MW),5944.06,,,,
S NO.,Name of the Project,"Installed
Capacity
(MW)",TYPE,"Location
(District)",STATES,"DATE OF
COMMISSION"
1,"Ria Power(Formerly known as Mallvalli
Power plant Ltd )",4.50,Biomass,Mandya,Karnataka,19-Jul-2001
2,Hassan Biomass Power Co. Pvt. Ltd.,8.00,Biomass,Hassan,Karnataka,17-Mar-2003
3,Samsons Distilleries Pvt. Ltd.,2.00,Biomass,Davanegere,Karnataka,18-Jun-2003
4,Bhagyanagar Solvents & Extractions Pvt. Ltd.,7.50,Biomass,Raichur,Karnataka,1-Sep-2003
5,RK Power Gen Pvt. Ltd.,20.00,Biomass,Chitradurga,Karnataka,1-Jan-2004
6,Indra Power Energies Ltd.,6.00,Biomass,Koppal,Karnataka,13-Feb-2004
7,Koppal Green Power Ltd.,6.00,Biomass,Koppal,Karnataka,1-Jan-2005
8,Power Onicks Ltd.,6.00,Biomass,Bellary,Karnataka,5-Jan-2005
9,Konark Power Ltd.,7.03,Biomass,Tumkur,Karnataka,5-May-2005
10,Ravikiran Power Project Pvt. Ltd.,7.50,Biomass,Koppal,Karnataka,1-Jun-2005
11,Koganti Power Pvt. Ltd.,7.50,Biomass,Raichur,Karnataka,26-Nov-2005
13,"Gujarat Ambuja Exports Ltd (Biomass based
Cogen)",2.44,Biomass,Haveri,Karnataka,21-Jan-2013
14,Dharwad Bio Energy Pvt. Ltd.,10.00,Biomass,Dharwad,Karnataka,31-Jan-2013
15,Haveri Bio Energy Pvt. Ltd.,10.00,Biomass,Haveri,Karnataka,1-Apr-2014
16,Gujarat Ambuja Exports Ltd,2.85,Biomass,Haveri,Karnataka,1-Apr-2014
17,Matrix Agro Pvt Ltd,6.00,Biomass,Gulbarga,Karnataka,9-Dec-2016
18,Raichur Bio Energies Pvt. Ltd.,9.00,Biomass,Raichur,Karnataka,4-Feb-2016
19,Manchikonda Bio energy Pvt. Ltd,6.00,Biomass,Raichur,Karnataka,1-Mar-2016
,Total (MW),134.32,,,,
S NO.,Name of the Project,"INSTALLED
CAPACITY
(MW)",TYPE,"Location
(District)",STATES,"DATE OF
COMMISSION"
1,Ugar Sugars Works Ltd.,44.00,Co-gen,Belgaum,Karnataka,28-May-1998
2,Shamanur Sugars Ltd.,22.00,Co-gen,Davanagere,Karnataka,13-Aug-1999
3,Coromandel Sugars Ltd.,30.00,Co-gen,Mandya,Karnataka,6-Feb-2000
4,Shree Renuka Sugars Ltd.,37.50,Co-gen,Belgaum,Karnataka,7-Mar-2000
5,Bannari Amman Sugars Ltd.,16.00,Co-gen,Mysore,Karnataka,1-Apr-2000
6,"Prabhulingeshwara Sugar
Works Ltd.",55.50,Co-gen,Bagalkot,Karnataka,14-Nov-2000
7,"South India Paper Mills Ltd.
(Biomass based Cogen)",7.80,Co-gen,Mysore,Karnataka,19-May-2001
8,"Raytar Sahakari Sakkare
Karkhane Niyamita",12.50,Co-gen,Bagalkot,Karnataka,8-Dec-2001
9,Jamakhandi Sugars Ltd.,29.80,Co-gen,Bagalkot,Karnataka,8-Feb-2002
10,Godavari Bio Refineries Ltd.,45.56,Co-gen,Bagalkot,Karnataka,1-Sep-2002
11,GEM Sugars Ltd.,22.50,Co-gen,Bagalkot,Karnataka,31-Oct-2002
12,Bannari Amman Sugars Ltd.,20.30,Co-gen,Mysore,Karnataka,10-Mar-2004
13,Davanagere Sugar Co. Ltd.,24.00,Co-gen,Davanagere,Karnataka,24-Mar-2004
14,"Doodhganga Krishna Sahakari
Sakkare Karkhane Niyamita",24.00,Co-gen,Belgaum,Karnataka,25-Mar-2004
15,NSL Sugars Ltd.,40.00,Co-gen,Mandya,Karnataka,30-Jun-2004
16,"Venkateshwara Power Projects
Ltd.",30.00,Co-gen,Belgaum,Karnataka,3-Nov-2004
17,"Naranja Sahakari Sakkare
Karkhane Niyamita",14.00,Co-gen,Bidar,Karnataka,1-May-2005
18,"Vishwaraj Sugars Industries Ltd
(Vishwanath Sugars Ltd.)",14.00,Co-gen,Belgaum,Karnataka,6-Jan-2006
19,"Nandi Sahakari Sakkare
Karkhane Niyamita",21.00,Co-gen,Bijapur,Karnataka,31-Mar-2006
20,Chamundeshwari Sugars Ltd.,26.00,Co-gen,Mandya,Karnataka,2-Apr-2008
21,Indian Cane Power Ltd.,28.00,Co-gen,Bagalkot,Karnataka,17-May-2008
22,Sadashiv Sugars Ltd.,16.00,Co-gen,Bagalkot,Karnataka,1-Jun-2008
23,Parrys Sugar Industries Ltd.,31.50,Co-gen,"Uttarakanna
da",Karnataka,2-Jun-2008
24,Nirani Sugars Ltd.,16.00,Co-gen,Bagalkot,Karnataka,13-Jun-2008
25,"Hiranyakeshi Sahakari Sakkare
Karkhane Niyamita",20.25,Co-gen,Belgaum,Karnataka,15-Nov-2008
26,Bilagi Sugar Mill Ltd.,14.00,Co-gen,Bagalkot,Karnataka,20-Dec-2008
27,"Mahatma Gandhi Sahakari
Sakkare Karkhane Niyamita",13.00,Co-gen,Bidar,Karnataka,4-Jul-2009
62,GM Sugars & Energy Limited,18.00,Co-gen,Haveri,Karnataka,1-Sep-2009
28,Shree Renuka Sugars Ltd.,25.00,Co-gen,Gulbarga,Karnataka,1-Dec-2009
29,"Gokak SC & ST Sahakari Sakkare
Karkhane Niyamita",14.00,Co-gen,Belgaum,Karnataka,24-Dec-2009
30,"Kedarnath Sugar & Agro
Chemicals Ltd.",15.00,Co-gen,Bagalkot,Karnataka,2-Mar-2010
31,Vijaynagar Sugars Ltd.,35.50,Co-gen,Gadag,Karnataka,4-Mar-2010
32,Nirani Sugars Ltd.,46.00,Co-gen,Bagalkot,Karnataka,5-Mar-2010
33,Ugar Sugars Works Ltd.,15.00,Co-gen,Gulbarga,Karnataka,28-Oct-2010
34,Godavari Bio Refineries Ltd.,16.00,Co-gen,Bagalkot,Karnataka,7-Jan-2011
35,Nirani Sugars Ltd.,10.00,Co-gen,Bagalkot,Karnataka,18-Jun-2011
36,"Hiranyakeshi Sahakari Sakkare
Karkhane Niyamita",26.00,Co-gen,Belgaum,Karnataka,27-Aug-2011
37,NSL Sugars Ltd.,28.00,Co-gen,Bellary,Karnataka,30-Sep-2011
38,"Core Green Sugar & Fuels Pvt.
Ltd.",24.00,Co-gen,Yadgir,Karnataka,16-Oct-2011
39,Shree Renuka Sugars Ltd.,68.00,Co-gen,Belgaum,Karnataka,11-Jan-2012
40,Jamakhandi Sugars Ltd.,27.50,Co-gen,Bagalkot,Karnataka,27-Feb-2012
41,NSL Sugars Ltd. Unit-2,34.00,Co-gen,Gulbarga,Karnataka,12-Apr-2012
42,"Athani Farmers Sugar factory
ltd.",24.00,Co-gen,Belgaum,Karnataka,1-Oct-2012
43,Satish Sugars Ltd.,34.00,Co-gen,Belgaum,Karnataka,5-Nov-2012
44,KPR Sugar Mills Pvt. Ltd.,30.00,Co-gen,Bijapur,Karnataka,23-Nov-2012
45,Shree Renuka Sugars Ltd.,0.00,Co-gen,Belgaum,Karnataka,1-Dec-2012
46,"Krishna Sahakari Sakkare
Karkhane Niyamita",12.00,Co-gen,Belgaum,Karnataka,8-Feb-2013
47,"Indian Sugar Manufacturing Co.
Ltd.",19.50,Co-gen,Bijapur,Karnataka,24-Feb-2013
57,"Shiraguppi Sugars Works Pvt.
Ltd.",6.00,Co-gen,Belgaum,Karnataka,5-Apr-2013
48,Manali Sugar Ltd.,15.00,Co-gen,Bijapur,Karnataka,20-Apr-2013
49,Shiraguppi Sugar Works Ltd.,20.40,Co-gen,Belgaum,Karnataka,1-May-2013
50,"Parry Sugars Industries Limited
(Dhanalakshmi Sahakari
Sakkare Karkhane",15.50,Co-gen,Belgaum,Karnataka,1-Aug-2013
51,Shivashakthi Sugars Ltd.,15.00,Co-gen,Belgaum,Karnataka,1-Sep-2013
52,"Shivasagar Sugar & Agro
Products Ltd.",18.00,Co-gen,Belgaum,Karnataka,30-Sep-2013
53,Soubhagya Lakshmi Sugars Ltd.,18.00,Co-gen,Belgaum,Karnataka,15-Dec-2013
54,"Shri Balaji Sugars & Chemicals
Pvt.Ltd",18.00,Co-gen,Bijapur,Karnataka,31-Mar-2014
55,Basaveshwara Sugars Ltd.,28.00,Co-gen,Bijapur,Karnataka,31-Mar-2014
63,Bhalakeshwar Sugars Ltd,14.00,Co-gen,Bidar,Karnataka,10-Jan-2015
56,Bannari Amman Sugars Ltd.,20.00,Co-gen,"Chamarajan
agar",Karnataka,1-Apr-2015
61,Indian Cane Power Ltd.,55.00,Co-gen,Bagalkot,Karnataka,12-Aug-2015
58,Shivashakthi Sugars Limited,35.00,Co-gen,Belgaum,Karnataka,1-Mar-2016
59,Sri Sai Priya Sugars Limited,50.00,Co-gen,Bagalkote,Karnataka,13-Oct-2016
60,Belgaum sugars private Limited,14.00,Co-gen,Belgaum,Karnataka,31-Mar-2017
64,Bilagi Sugar Mill Ltd.,16.00,Co-gen,Bagalkot,Karnataka,1-Dec-2017
65,Soverign,20.00,Co-gen,Bagalkot,Karnataka,1-Dec-2017
66,Halasiddinath,15.00,Co-gen,Belgaum,Karnataka,1-Dec-2017
67,Bidar Kissan,15.00,Co-gen,Bidar,Karnataka,1-Dec-2017
68,Bhimashankar,14.00,Co-gen,Vijayapra,Karnataka,1-Dec-2017
70,Harsha Sugars Limited,30.00,Co-gen,Belagavi,Karnataka,1-Aug-2018
71,"M/s MRN Cane Power (India)
Ltd",30.00,Co-gen,Bagalkot,Karnataka,24-Feb-2019
72,Athani Sugars Limited,28.00,Co-gen,Belgaum,Karnataka,20-Apr-2019
69,Mylar Sugars,25.00,Co-gen,Bellary,Karnataka,
,,1731.61,,,,
S NO.,NAME OF PLANT,"Installed
CAPACITY
(MW)",TYPE,"Location
(District)",States,"DATE OF
COMMISSION"
1,KPCL,17.20,Hydro,Mandya,Karnataka,30-Jun-1940
2,KPCL,0.40,Hydro,Raichur,Karnataka,24-Jan-1990
3,KPCL,1.00,Hydro,Raichur,Karnataka,26-Nov-1992
4,Bhoruka Power Corporation Ltd.,18.00,Hydro,Koppal,Karnataka,29-Nov-1992
5,KPCL,4.50,Hydro,Shimoga,Karnataka,29-Mar-1993
6,KPCL,4.50,Hydro,Shimoga,Karnataka,02-Apr-1993
7,KPCL,9.00,Hydro,Koppal,Karnataka,31-Mar-1994
8,KPCL,0.35,Hydro,Raichur,Karnataka,24-Dec-1993
9,Bhoruka Power Corporation Ltd.,5.20,Hydro,Yadgir,Karnataka,18-Mar-1997
10,"Brindavan Hydro Power Pvt. Ltd
(Formerly Dandeli Steel & Ferro
Alloys Ltd).,",1.50,Hydro,Shimoga,Karnataka,4-May-1997
11,"Gokak Power and Energy
Limited (Formerly Gokak
Textiles Ltd. (Gokak Mills",2.80,Hydro,Belgaum,Karnataka,1-Apr-1997
12,"Gokak Power and Energy
Limited (Formerly Gokak
Textiles Ltd. (Gokak Mills",3.50,Hydro,Belgaum,Karnataka,4-May-1997
13,Graphite India Ltd.,18.00,Hydro,Mysore,Karnataka,13-Oct-1997
14,"Yuken India Ltd.,",0.35,Hydro,Mandya,Karnataka,3-Jul-1998
15,Cauvery Hydro Energy Ltd.,3.00,Hydro,Mandya,Karnataka,10-Sep-1998
16,Bhoruka Power Corporation Ltd.,1.40,Hydro,Yadgir,Karnataka,28-Nov-1998
17,"Murudeshwara Power
Corporation Ltd.,",11.60,Hydro,Bijapur,Karnataka,14-Jul-1999
18,Energy Development Co. Ltd.,9.00,Hydro,Kodagu,Karnataka,19-Jul-1999
19,Bhoruka Power Corporation Ltd.,2.00,Hydro,Yadgir,Karnataka,6-Aug-1999
20,Tungabhadra Steel Products Ltd.,2.40,Hydro,Belgaum,Karnataka,17-Sep-1999
21,Kilara Power Pvt. Ltd.,2.00,Hydro,Mandya,Karnataka,31-Mar-2000
22,"Maruthi Power Gen (India) Pvt.
Ltd.",3.00,Hydro,Hassan,Karnataka,10-Jul-2000
23,"Sandur Manganese & Iron Ores
Ltd.",16.00,Hydro,Hassan,Karnataka,20-Apr-2001
24,Bhoruka Power Corporation Ltd.,3.00,Hydro,Mysore,Karnataka,9-Jul-2001
25,Atria Power Corporation Ltd.,6.60,Hydro,Mandya,Karnataka,1-Aug-2001
26,Amogha Power Projects Pvt. Ltd.,1.50,Hydro,Hassan,Karnataka,1-Oct-2001
27,Atria Power Corporation Ltd.,18.00,Hydro,Mandya,Karnataka,1-Nov-2001
28,"Vijayalakshmi Hydro Power Pvt.
Ltd.",1.75,Hydro,Mandya,Karnataka,3-Apr-2002
29,Moodabagil Power company,0.50,Hydro,Shimoga,Karnataka,19-Sep-2002
30,"Kalson Power Tech. Pvt. Ltd.,
(Transferred to M/s Master
Power",3.00,Hydro,Mysore,Karnataka,31-Dec-2002
31,"Maruthi Power Gen (India) Pvt.
Ltd.",5.00,Hydro,Mysore,Karnataka,31-Dec-2002
32,"Subhash Kabini Power
Corporation Pvt. Ltd.",20.00,Hydro,Mysore,Karnataka,24-Jun-2003
33,Graphite India Ltd.,1.50,Hydro,Mandya,Karnataka,17-Jul-2003
34,Bhoruka Power Corporation Ltd.,1.00,Hydro,Yadgir,Karnataka,30-Aug-2003
35,Bhoruka Power Corporation Ltd.,3.50,Hydro,Mandya,Karnataka,1-Sep-2004
36,"Sai Spurthi Power Pvt. Ltd.,",10.25,Hydro,Ramanagara,Karnataka,1-Dec-2004
37,SLS Power Industries Ltd.,4.50,Hydro,Bellary,Karnataka,3-Apr-2004
38,"Sahyadri Power Company,",0.40,Hydro,Shimoga,Karnataka,1-Jan-2005
39,"International Power Corporation
Ltd.",18.00,Hydro,Hassan,Karnataka,10-Jan-2005
40,Trishul Power Pvt. Ltd.,4.00,Hydro,Mandya,Karnataka,28-Jun-2005
41,"Sandur Manganese & Iron Ores
Ltd.",22.50,Hydro,Udupi,Karnataka,29-Jun-2005
42,Pioneer Genco Ltd.,24.75,Hydro,Mandya,Karnataka,1-Jul-2005
43,Jyothi Jalashakthi Pvt. Ltd.,0.30,Hydro,Bellary,Karnataka,1-Nov-2005
44,"Bhoruka Power Corporation Ltd.
(Merged File No. SH-46 & SH-47)",9.00,Hydro,"Dakshina
Kannada",Karnataka,1-Apr-2006
45,Atria Power Corporation Ltd.,12.00,Hydro,Mandya,Karnataka,1-Jun-2006
46,SLS Power Industries Ltd.,6.25,Hydro,"Chamarajanag
ar",Karnataka,14-Sep-2006
47,"Sandur Manganese & Iron Ores
Ltd.",8.00,Hydro,Hassan,Karnataka,28-Apr-2007
48,Paschim Hydro Energy Pvt. Ltd.,9.00,Hydro,Hassan,Karnataka,30-Apr-2007
49,Pusala Power Projects Pvt. Ltd.,6.00,Hydro,Bellary,Karnataka,1-May-2007
50,Bhoruka Power Corporation Ltd.,24.00,Hydro,Yadgir,Karnataka,22-Jun-2007
51,Pioneer Power Corporation Ltd.,24.75,Hydro,"Chamarajanag
ar",Karnataka,29-Jul-2007
52,Cauvery Hydro Energy Ltd.,4.50,Hydro,Mandya,Karnataka,3-Sep-2007
53,SRS Energy Pvt. Ltd.,10.00,Hydro,Yadgir,Karnataka,19-Sep-2007
54,Venika Green Power Pvt. Ltd.,0.75,Hydro,Mandya,Karnataka,27-Sep-2007
55,"Ambhuthirtha Power Private
Limited",22.00,Hydro,Shimoga,Karnataka,6-Dec-2007
56,"Trinetra Energy Conversions Pvt
Ltd (Formerly Trinetra Energy
Conversions Ltd.),",4.50,Hydro,"Dakshina
Kannada",Karnataka,5-Jul-2008
57,Mrijara Powers,0.75,Hydro,Shimoga,Karnataka,24-Oct-2008
58,"Narayanapur Power Company
Ltd.,",12.00,Hydro,Raichur,Karnataka,19-Jan-2009
59,Limbavali Power Pvt. Ltd.,12.00,Hydro,Mandya,Karnataka,7-Apr-2009
60,"Sandur Manganese & Iron Ores
Ltd.",15.00,Hydro,Udupi,Karnataka,17-Apr-2009
61,Shamili hydel Power Project,12.00,Hydro,Udupi,Karnataka,21-Jun-2009
62,Bhoruka Power Corporation Ltd.,10.00,Hydro,Kodagu,Karnataka,27-Jun-2009
63,Sagar Power (Dandela) Pvt. Ltd.,13.00,Hydro,"Dakshina
Kannada",Karnataka,19-Jul-2009
64,"International Power Corporation
Private Limited , (Formerly 2.
M/s. Prasanna Power Private",6.00,Hydro,"Dakshina
Kannada",Karnataka,13-Aug-2009
65,"Rithwk Energy Generation Pvt.
Ltd.",24.00,Hydro,"Dakshina
Kannada",Karnataka,28-Sep-2009
66,"Sagar Power (Neerukatte) Pvt.
Ltd.",15.00,Hydro,"Dakshina
Kannada",Karnataka,9-Sep-2009
67,AMR Power Pvt. Ltd.,24.00,Hydro,"Dakshina
Kannada",Karnataka,12-Sep-2009
68,"Soham Phalguni Power Pvt .
(Formerly Bobba Power Pvt.
Ltd).",15.00,Hydro,"Dakshina
Kannada",Karnataka,17-Sep-2009
69,Atria Brindavan Power Ltd.,4.00,Hydro,Mandya,Karnataka,2-Nov-2009
70,"Nagarjuna Hydro Energy Pvt.
Ltd.",15.00,Hydro,Hassan,Karnataka,4-Aug-2010
71,Jasper Energy Pvt. Ltd.,10.50,Hydro,Bijapur,Karnataka,4-Aug-2010
72,Energy Development Co. Ltd.,6.00,Hydro,Kodagu,Karnataka,19-Oct-2010
73,LK Power Corporation Ltd.,2.00,Hydro,Mandya,Karnataka,22-Jan-2011
74,Mysore Mercantile co. Ltd.,3.00,Hydro,Hassan,Karnataka,22-Jan-2011
75,Bonal Hydro Electric company,1.25,Hydro,Gulbarga,Karnataka,12-Aug-2011
76,Dishaa Power Corporation Ltd.,4.80,Hydro,"Dakshina
Kannada",Karnataka,12-Aug-2011
77,Atria Power Corporation Ltd.,6.00,Hydro,Mandya,Karnataka,24-Oct-2011
78,"SRM Power (P) Ltd.,",6.00,Hydro,"Chikkamagalo
re",Karnataka,24-Oct-2011
79,"A) SouthWest Hydro Power Pvt
Ltd",2.50,Hydro,Yadgir,Karnataka,4-Nov-2011
80,"Sugnaneshwara Hydel Power
Pvt. Ltd.,",13.50,Hydro,Yadgir,Karnataka,25-Dec-2011
81,Anjaneya Power Tech Pvt. Ltd.,0.80,Hydro,Raichur,Karnataka,3-Jul-1905
82,Tungabhadra Power Co. Pvt. Ltd.,18.00,Hydro,Bellary,Karnataka,30-Aug-2012
83,"A) SouthWest Hydro Power Pvt
Ltd",2.50,Hydro,Yadgir,Karnataka,29-Aug-2012
84,Sarovar Energy Pvt. Ltd.,1.26,Hydro,Raichur,Karnataka,24-Sep-2012
85,"Gokak Power and Energy
Limited (Formerly Gokak
Textiles Ltd. (Gokak Mills",4.50,Hydro,Belgaum,Karnataka,1-Oct-2012
86,"Krishna Hydro Energy Ltd.
(Formerly Jyothi Jalashakthi Pvt
Ltd.,)",24.75,Hydro,Yadgir,Karnataka,5-Feb-2013
87,"Bhavana Hydro Electric Private
Limited",2.00,Hydro,Yadgir,Karnataka,30-Jul-2013
88,"Lakshmi Jala Vidyuth (Krishna )
Ltd.",24.75,Hydro,Yadgir,Karnataka,14-Aug-2013
89,"Khandaleru Power Pvt Ltd, (NCL
Energy Ltd)",1.40,Hydro,Bellary,Karnataka,31-Aug-2013
90,Flax Hydro Energy Pvt. Ltd.,1.50,Hydro,Hassan,Karnataka,2-Sep-2013
91,Sai Nireeha Power Pvt. Ltd.,5.00,Hydro,Hassan,Karnataka,5-Sep-2013
92,"Soham Renewable Energy India
Pvt. Ltd.",6.00,Hydro,Mandya,Karnataka,28-Mar-2014
93,Brindavan Hydro Power Pvt. Ltd.,24.00,Hydro,Shimoga,Karnataka,13-Jun-2014
94,Vasgi power,0.65,Hydro,Shimoga,Karnataka,6-Jun-2014
95,"GVP Infra Projects Private
Limited",15.00,Hydro,Udupi,Karnataka,16-Oct-2014
96,Rising Sun Power (P) Ltd.,2.00,Hydro,Ramanagara,Karnataka,26-Oct-2014
97,Saroj Energy Company Pvt. Ltd.,1.50,Hydro,Ramanagara,Karnataka,23-Jan-2015
98,"Mount Kailash Power Projects
Pvt. Ltd.",10.50,Hydro,"Dakshina
Kannada",Karnataka,27-Jun-2015
99,Devar Power Private Ltd.,3.80,Hydro,Udupi,Karnataka,10-Jul-2015
100,Kare Power Resources Pvt. Ltd.,24.75,Hydro,Raichur,Karnataka,16-Sep-2015
101,Kodagu Hydel Projects Pvt. Ltd.,3.00,Hydro,Kodagu,Karnataka,13-06-2016
102,"Perla Hydro Power Private
Limited",5.00,Hydro,"Dakshina
Kannada",Karnataka,12-Dec-2016
103,"GSSMR Energy Power Pvt. Ltd
Formerly ( GSSMR Power Private
Limited)",0.50,Hydro,Yadgir,Karnataka,31-May-2017
104,"Perla Hydro Power Private
Limited",5.00,Hydro,"Dakshina
Kannada",Karnataka,3-Jul-2017
105,"International Power Corporation
Private Limited , (Formerly 2.
M/s. Prasanna Power Private",3.00,Hydro,"Dakshina
Kannada",Karnataka,4-Oct-2017
106,Sai Deepthi Power Pvt. Ltd.,1.50,Hydro,Shimoga,Karnataka,5-Apr-2018
107,"M/s Maruthi power gen(India)
pvt ltd",24.00,Hydro,Hassan,Karnataka,8-May-2019
,TOTAL (MW),877.46,,,,
