PlantID,SerialNo,PlantName,Capacity_MW,Type,District,State,CommissionDate,Latitude,Longitude
1,330,Gokak Power & Energy Ltd,20.0,Solar,Belagavi,Karnataka,2018-03-30,16.1587846,74.888862
2,331,"Suryodaya One Energy pvt. Ltd., (Shapoorji
Pallonji Infrastructure Capital Company Pvt
Ltd)",20.0,Solar,Belagavi,Karnataka,2018-03-30,16.1587846,74.888862
3,332,Green Energy Solar Enterprises Pvt Ltd,30.0,Solar,Tumakuru,Karnataka,2018-03-30,13.4192512,76.8810004
4,333,Golden Hatcheries,10.0,Solar,Tumakuru,Karnataka,2018-03-30,13.4192512,76.8810004
5,334,"Hero Solar Energy Pvt Ltd [Clean Solar
power(tumkur) Pvt Ltd]",20.0,solar,Tumakuru,Karnataka,2018-03-30,13.4192512,76.8810004
6,335,"Belgaum Solar Power Pvt. Ltd.,",20.0,Solar,Vijayapura,Karnataka,2018-03-30,16.814415,75.8933856
7,336,Mamadapur Solar Pvt Ltd,15.0,Solar,Vijayapura,Karnataka,2018-03-30,16.814415,75.8933856
8,337,"Shahi Exports Pvt. Ltd.,",40.0,Solar,Bidar,Karnataka,2018-03-30,18.0207297,77.2487204
9,338,H P Rajesh,3.0,Solar,Davanagere,Karnataka,2018-03-31,14.2558835,75.8303421
10,339,Global Tech Park Pvt Ltd,10.0,Solar,Tumakuru,Karnataka,2018-03-31,13.4192512,76.8810004
11,340,Shri Keshav Cement & Infra Ltd,20.0,Solar,Koppal,Karnataka,2018-03-31,15.5748238,76.3118494
12,341,"Avaada Power Prvt Ltd (Solarsys Non-
Conventional Energy Pvt. Ltd.,)",28.0,Solar,Bagalkot,Karnataka,2018-03-31,16.1793224,75.6999315
13,342,"Avaada Power Prvt Ltd (Solarsys Non-
Conventional Energy Pvt. Ltd.,)",32.0,Solar,Koppal,Karnataka,2018-03-31,15.5748238,76.3118494
14,343,PV Line Power One Pvt Ltd,10.0,Solar,Tumakuru,Karnataka,2018-03-31,13.4192512,76.8810004
15,344,Ecoren Energy India Power Pvt ltd,20.0,Solar,Raichur,Karnataka,2018-03-31,16.0547194,76.9003647
16,345,"Essel Green Energy Pvt Ltd [KN Muddebihal
solar energy pvt ltd]",20.0,Solar,Vijayapura,Karnataka,2018-03-31,16.814415,75.8933856
17,346,Clean MaxHarsh Solar LLP(SP),24.88,Solar,Tumakuru,Karnataka,2018-03-31,13.4192512,76.8810004
18,347,Surya jothi Energy Pvt Ltd,1.0,Solar,Chitradurga,Karnataka,2018-03-31,14.3049174,76.5296667
19,348,ReNew Saur Vidut Pvt Ltd,5.0,Solar,Ramanagara,Karnataka,2018-03-31,12.720006,77.3184199
20,349,Hombale Construction And Estate Pvt Ltd,4.0,Solar,Chikkaballapura,Karnataka,2018-04-12,13.5897941,77.778793
21,350,"OPG Power Generation Pvt Ltd [Mayfair
renewable energy pvt ltd]",20.0,Solar,Gadag,Karnataka,2018-04-30,15.416692,75.6815801
22,351,"Wardha Solar (Maharashtra)Pvt Ltd SPV of
Paramapujya Solar Energy Pvt Ltd",40.0,solar,Koppal,Karnataka,2018-04-30,15.5748238,76.3118494
23,352,Shakuntala Naik,1.0,Solar,Vijayapura,Karnataka,2018-05-03,16.814415,75.8933856
24,353,"OPG Power Generation Pvt Ltd [Aavanti
Solar Energy Pvt Ltd]",20.0,Solar,Haveri,Karnataka,2018-05-08,14.7180268,75.3656423
25,354,"Bagamane Green Power LLP (Doddanavar
Global Energy Pvt Ltd)",20.0,Solar,Belagavi,Karnataka,2018-06-06,16.1587846,74.888862
26,355,KBJNL-MNRE Central Assistance,10.0,Solar,Bagalkot,Karnataka,2018-06-20,16.1793224,75.6999315
27,356,"Clean Solar Power (Gulbarga) Pvt Limited
SPV of Hero Solar Energy Private Limited",40.0,Solar,Kalaburagi,Karnataka,2018-06-28,17.2408957,76.7697439
28,357,Vahini Irrigation Pvt Ltd,1.0,Solar,Tumakuru,Karnataka,2018-07-20,13.4192512,76.8810004
29,358,"Hotel Panduranga International
(Partnership Firm)",1.0,Solar,Tumakuru,Karnataka,2018-08-13,13.4192512,76.8810004
30,359,"Infosys Limited,",30.0,Solar,Tumakuru,Karnataka,2018-08-29,13.4192512,76.8810004
31,360,Bhramara Polymers Pvt Ltd,1.0,Solar,Chitradurga,Karnataka,2018-11-17,14.3049174,76.5296667
32,361,"Sree sSiddaganga Hospitals Pvt. Ltd.,",1.0,Solar,Chitradurga,Karnataka,2018-11-17,14.3049174,76.5296667
33,362,Giriraj Renewables PVt Ltd,50.0,Solar,Tumakuru,Karnataka,2018-12-20,13.4192512,76.8810004
34,363,Basappa Phakirappa Hanji,3.0,Solar,Gadag,Karnataka,2018-12-26,15.416692,75.6815801
35,364,Smt. Vijayalakshmi,2.0,Solar,Tumakuru,Karnataka,2019-01-19,13.4192512,76.8810004
36,365,"Tata Power Rnewable Energy Ltd.,",50.0,Solar,Tumakuru,Karnataka,2019-02-04,13.4192512,76.8810004
37,366,"Tata Power Rnewable Energy Ltd.,",50.0,Solar,Tumakuru,Karnataka,2019-02-04,13.4192512,76.8810004
38,367,Giriraj Renewables PVt Ltd,50.0,Solar,Tumakuru,Karnataka,2019-02-06,13.4192512,76.8810004
39,368,ReNew Solar Power Pvt Ltd,50.0,Solar,Tumakuru,Karnataka,2019-02-06,13.4192512,76.8810004
40,369,ReNew Solar Power Pvt Ltd,50.0,Solar,Tumakuru,Karnataka,2019-02-22,13.4192512,76.8810004
41,370,Giriraj Renewables PVt Ltd,50.0,Solar,Tumakuru,Karnataka,2019-02-27,13.4192512,76.8810004
42,371,ReNew Solar Power Pvt Ltd,50.0,Solar,Tumakuru,Karnataka,2019-03-01,13.4192512,76.8810004
43,372,Azure Power India Pvt Ltd,50.0,Solar,Tumakuru,Karnataka,2019-03-06,13.4192512,76.8810004
44,373,"Tata Power Rnewable Energy Ltd.,",50.0,Solar,Tumakuru,Karnataka,2019-03-06,13.4192512,76.8810004
45,374,Azure Power India Pvt Ltd,50.0,Solar,Tumakuru,Karnataka,2019-03-12,13.4192512,76.8810004
46,375,ReNew Solar Power Pvt Ltd,50.0,Solar,Tumakuru,Karnataka,2019-03-20,13.4192512,76.8810004
47,376,ReNew Solar Power Pvt Ltd,50.0,Solar,Tumakuru,Karnataka,2019-03-20,13.4192512,76.8810004
48,377,"Tata Power Rnewable Energy Ltd.,",50.0,Solar,Tumakuru,Karnataka,2019-03-25,13.4192512,76.8810004
49,378,"Tata Power Rnewable Energy Ltd.,",50.0,Solar,Tumakuru,Karnataka,2019-03-25,13.4192512,76.8810004
50,379,ReNew Solar Power Pvt Ltd,50.0,Solar,Tumakuru,Karnataka,2019-03-28,13.4192512,76.8810004
51,380,"Wardha Solar (Maharashtra)Pvt Ltd SPV of
Paramapujya Solar Energy Pvt Ltd",40.0,Solar,Vijayapura,Karnataka,,16.814415,75.8933856
52,381,"United Telecoms Ltd (M/s United Surya
Energy Pvt Limited)",3.0,solar,Chitradurga,Karnataka,,14.3049174,76.5296667
53,382,"Karanataka Power Corporation Limited,
Bangalore",10.0,solar,Haveri,Karnataka,,14.7180268,75.3656423
54,383,Sagitaur Venture India Pvt Ltd,34.0,Solar,Chitradurga,Karnataka,,14.3049174,76.5296667
56,1,"Ria Power(Formerly known as Mallvalli
Power plant Ltd )",4.5,Biomass,Mandya,Karnataka,2001-07-19,12.6368939,76.7275477
57,2,Hassan Biomass Power Co. Pvt. Ltd.,8.0,Biomass,Hassan,Karnataka,2003-03-17,13.0301852,76.1744968
58,3,Samsons Distilleries Pvt. Ltd.,2.0,Biomass,Davanagere,Karnataka,2003-06-18,14.2558835,75.8303421
59,4,Bhagyanagar Solvents & Extractions Pvt. Ltd.,7.5,Biomass,Raichur,Karnataka,2003-09-01,16.0547194,76.9003647
60,5,RK Power Gen Pvt. Ltd.,20.0,Biomass,Chitradurga,Karnataka,2004-01-01,14.3049174,76.5296667
61,6,Indra Power Energies Ltd.,6.0,Biomass,Koppal,Karnataka,2004-02-13,15.5748238,76.3118494
62,7,Koppal Green Power Ltd.,6.0,Biomass,Koppal,Karnataka,2005-01-01,15.5748238,76.3118494
63,8,Power Onicks Ltd.,6.0,Biomass,Ballari,Karnataka,2005-01-05,15.3483166,76.8054883
64,9,Konark Power Ltd.,7.03,Biomass,Tumakuru,Karnataka,2005-05-05,13.4192512,76.8810004
65,10,Ravikiran Power Project Pvt. Ltd.,7.5,Biomass,Koppal,Karnataka,2005-06-01,15.5748238,76.3118494
66,11,Koganti Power Pvt. Ltd.,7.5,Biomass,Raichur,Karnataka,2005-11-26,16.0547194,76.9003647
67,13,"Gujarat Ambuja Exports Ltd (Biomass based
Cogen)",2.44,Biomass,Haveri,Karnataka,2013-01-21,14.7180268,75.3656423
68,14,Dharwad Bio Energy Pvt. Ltd.,10.0,Biomass,Dharwad,Karnataka,2013-01-31,15.3707296,75.1332867
69,15,Haveri Bio Energy Pvt. Ltd.,10.0,Biomass,Haveri,Karnataka,2014-04-01,14.7180268,75.3656423
70,16,Gujarat Ambuja Exports Ltd,2.85,Biomass,Haveri,Karnataka,2014-04-01,14.7180268,75.3656423
71,17,Matrix Agro Pvt Ltd,6.0,Biomass,Kalaburagi,Karnataka,2016-12-09,17.2408957,76.7697439
72,18,Raichur Bio Energies Pvt. Ltd.,9.0,Biomass,Raichur,Karnataka,2016-02-04,16.0547194,76.9003647
73,19,Manchikonda Bio energy Pvt. Ltd,6.0,Biomass,Raichur,Karnataka,2016-03-01,16.0547194,76.9003647
75,1,Ugar Sugars Works Ltd.,44.0,Co-gen,Belagavi,Karnataka,1998-05-28,16.1587846,74.888862
76,2,Shamanur Sugars Ltd.,22.0,Co-gen,Davanagere,Karnataka,1999-08-13,14.2558835,75.8303421
77,3,Coromandel Sugars Ltd.,30.0,Co-gen,Mandya,Karnataka,2000-02-06,12.6368939,76.7275477
78,4,Shree Renuka Sugars Ltd.,37.5,Co-gen,Belagavi,Karnataka,2000-03-07,16.1587846,74.888862
79,5,Bannari Amman Sugars Ltd.,16.0,Co-gen,Mysuru,Karnataka,2000-04-01,12.3041464,76.6529521
80,6,"Prabhulingeshwara Sugar
Works Ltd.",55.5,Co-gen,Bagalkot,Karnataka,2000-11-14,16.1793224,75.6999315
81,7,"South India Paper Mills Ltd.
(Biomass based Cogen)",7.8,Co-gen,Mysuru,Karnataka,2001-05-19,12.3041464,76.6529521
82,8,"Raytar Sahakari Sakkare
Karkhane Niyamita",12.5,Co-gen,Bagalkot,Karnataka,2001-12-08,16.1793224,75.6999315
83,9,Jamakhandi Sugars Ltd.,29.8,Co-gen,Bagalkot,Karnataka,2002-02-08,16.1793224,75.6999315
84,10,Godavari Bio Refineries Ltd.,45.56,Co-gen,Bagalkot,Karnataka,2002-09-01,16.1793224,75.6999315
85,11,GEM Sugars Ltd.,22.5,Co-gen,Bagalkot,Karnataka,2002-10-31,16.1793224,75.6999315
86,12,Bannari Amman Sugars Ltd.,20.3,Co-gen,Mysuru,Karnataka,2004-03-10,12.3041464,76.6529521
87,13,Davanagere Sugar Co. Ltd.,24.0,Co-gen,Davanagere,Karnataka,2004-03-24,14.2558835,75.8303421
88,14,"Doodhganga Krishna Sahakari
Sakkare Karkhane Niyamita",24.0,Co-gen,Belagavi,Karnataka,2004-03-25,16.1587846,74.888862
89,15,NSL Sugars Ltd.,40.0,Co-gen,Mandya,Karnataka,2004-06-30,12.6368939,76.7275477
90,16,"Venkateshwara Power Projects
Ltd.",30.0,Co-gen,Belagavi,Karnataka,2004-11-03,16.1587846,74.888862
91,17,"Naranja Sahakari Sakkare
Karkhane Niyamita",14.0,Co-gen,Bidar,Karnataka,2005-05-01,18.0207297,77.2487204
92,18,"Vishwaraj Sugars Industries Ltd
(Vishwanath Sugars Ltd.)",14.0,Co-gen,Belagavi,Karnataka,2006-01-06,16.1587846,74.888862
93,19,"Nandi Sahakari Sakkare
Karkhane Niyamita",21.0,Co-gen,Vijayapura,Karnataka,2006-03-31,16.814415,75.8933856
94,20,Chamundeshwari Sugars Ltd.,26.0,Co-gen,Mandya,Karnataka,2008-04-02,12.6368939,76.7275477
95,21,Indian Cane Power Ltd.,28.0,Co-gen,Bagalkot,Karnataka,2008-05-17,16.1793224,75.6999315
96,22,Sadashiv Sugars Ltd.,16.0,Co-gen,Bagalkot,Karnataka,2008-06-01,16.1793224,75.6999315
97,23,Parrys Sugar Industries Ltd.,31.5,Co-gen,Uttara Kannada,Karnataka,2008-06-02,14.7253795,74.6403389
98,24,Nirani Sugars Ltd.,16.0,Co-gen,Bagalkot,Karnataka,2008-06-13,16.1793224,75.6999315
99,25,"Hiranyakeshi Sahakari Sakkare
Karkhane Niyamita",20.25,Co-gen,Belagavi,Karnataka,2008-11-15,16.1587846,74.888862
100,26,Bilagi Sugar Mill Ltd.,14.0,Co-gen,Bagalkot,Karnataka,2008-12-20,16.1793224,75.6999315
101,27,"Mahatma Gandhi Sahakari
Sakkare Karkhane Niyamita",13.0,Co-gen,Bidar,Karnataka,2009-07-04,18.0207297,77.2487204
102,62,GM Sugars & Energy Limited,18.0,Co-gen,Haveri,Karnataka,2009-09-01,14.7180268,75.3656423
103,28,Shree Renuka Sugars Ltd.,25.0,Co-gen,Kalaburagi,Karnataka,2009-12-01,17.2408957,76.7697439
104,29,"Gokak SC & ST Sahakari Sakkare
Karkhane Niyamita",14.0,Co-gen,Belagavi,Karnataka,2009-12-24,16.1587846,74.888862
105,30,"Kedarnath Sugar & Agro
Chemicals Ltd.",15.0,Co-gen,Bagalkot,Karnataka,2010-03-02,16.1793224,75.6999315
106,31,Vijaynagar Sugars Ltd.,35.5,Co-gen,Gadag,Karnataka,2010-03-04,15.416692,75.6815801
107,32,Nirani Sugars Ltd.,46.0,Co-gen,Bagalkot,Karnataka,2010-03-05,16.1793224,75.6999315
108,33,Ugar Sugars Works Ltd.,15.0,Co-gen,Kalaburagi,Karnataka,2010-10-28,17.2408957,76.7697439
109,34,Godavari Bio Refineries Ltd.,16.0,Co-gen,Bagalkot,Karnataka,2011-01-07,16.1793224,75.6999315
110,35,Nirani Sugars Ltd.,10.0,Co-gen,Bagalkot,Karnataka,2011-06-18,16.1793224,75.6999315
111,36,"Hiranyakeshi Sahakari Sakkare
Karkhane Niyamita",26.0,Co-gen,Belagavi,Karnataka,2011-08-27,16.1587846,74.888862
112,37,NSL Sugars Ltd.,28.0,Co-gen,Ballari,Karnataka,2011-09-30,15.3483166,76.8054883
113,38,"Core Green Sugar & Fuels Pvt.
Ltd.",24.0,Co-gen,Yadgir,Karnataka,2011-10-16,16.5744123,76.9254434
114,39,Shree Renuka Sugars Ltd.,68.0,Co-gen,Belagavi,Karnataka,2012-01-11,16.1587846,74.888862
115,40,Jamakhandi Sugars Ltd.,27.5,Co-gen,Bagalkot,Karnataka,2012-02-27,16.1793224,75.6999315
116,41,NSL Sugars Ltd. Unit-2,34.0,Co-gen,Kalaburagi,Karnataka,2012-04-12,17.2408957,76.7697439
117,42,"Athani Farmers Sugar factory
ltd.",24.0,Co-gen,Belagavi,Karnataka,2012-10-01,16.1587846,74.888862
118,43,Satish Sugars Ltd.,34.0,Co-gen,Belagavi,Karnataka,2012-11-05,16.1587846,74.888862
119,44,KPR Sugar Mills Pvt. Ltd.,30.0,Co-gen,Vijayapura,Karnataka,2012-11-23,16.814415,75.8933856
120,45,Shree Renuka Sugars Ltd.,0.0,Co-gen,Belagavi,Karnataka,2012-12-01,16.1587846,74.888862
121,46,"Krishna Sahakari Sakkare
Karkhane Niyamita",12.0,Co-gen,Belagavi,Karnataka,2013-02-08,16.1587846,74.888862
122,47,"Indian Sugar Manufacturing Co.
Ltd.",19.5,Co-gen,Vijayapura,Karnataka,2013-02-24,16.814415,75.8933856
123,57,"Shiraguppi Sugars Works Pvt.
Ltd.",6.0,Co-gen,Belagavi,Karnataka,2013-04-05,16.1587846,74.888862
124,48,Manali Sugar Ltd.,15.0,Co-gen,Vijayapura,Karnataka,2013-04-20,16.814415,75.8933856
125,49,Shiraguppi Sugar Works Ltd.,20.4,Co-gen,Belagavi,Karnataka,2013-05-01,16.1587846,74.888862
126,50,"Parry Sugars Industries Limited
(Dhanalakshmi Sahakari
Sakkare Karkhane",15.5,Co-gen,Belagavi,Karnataka,2013-08-01,16.1587846,74.888862
127,51,Shivashakthi Sugars Ltd.,15.0,Co-gen,Belagavi,Karnataka,2013-09-01,16.1587846,74.888862
128,52,"Shivasagar Sugar & Agro
Products Ltd.",18.0,Co-gen,Belagavi,Karnataka,2013-09-30,16.1587846,74.888862
129,53,Soubhagya Lakshmi Sugars Ltd.,18.0,Co-gen,Belagavi,Karnataka,2013-12-15,16.1587846,74.888862
130,54,"Shri Balaji Sugars & Chemicals
Pvt.Ltd",18.0,Co-gen,Vijayapura,Karnataka,2014-03-31,16.814415,75.8933856
131,55,Basaveshwara Sugars Ltd.,28.0,Co-gen,Vijayapura,Karnataka,2014-03-31,16.814415,75.8933856
132,63,Bhalakeshwar Sugars Ltd,14.0,Co-gen,Bidar,Karnataka,2015-01-10,18.0207297,77.2487204
133,56,Bannari Amman Sugars Ltd.,20.0,Co-gen,Chamarajanagar,Karnataka,2015-04-01,11.9544201,77.1069086
134,61,Indian Cane Power Ltd.,55.0,Co-gen,Bagalkot,Karnataka,2015-08-12,16.1793224,75.6999315
135,58,Shivashakthi Sugars Limited,35.0,Co-gen,Belagavi,Karnataka,2016-03-01,16.1587846,74.888862
136,59,Sri Sai Priya Sugars Limited,50.0,Co-gen,Bagalkot,Karnataka,2016-10-13,16.1793224,75.6999315
137,60,Belgaum sugars private Limited,14.0,Co-gen,Belagavi,Karnataka,2017-03-31,16.1587846,74.888862
138,64,Bilagi Sugar Mill Ltd.,16.0,Co-gen,Bagalkot,Karnataka,2017-12-01,16.1793224,75.6999315
139,65,Soverign,20.0,Co-gen,Bagalkot,Karnataka,2017-12-01,16.1793224,75.6999315
140,66,Halasiddinath,15.0,Co-gen,Belagavi,Karnataka,2017-12-01,16.1587846,74.888862
141,67,Bidar Kissan,15.0,Co-gen,Bidar,Karnataka,2017-12-01,18.0207297,77.2487204
142,68,Bhimashankar,14.0,Co-gen,Vijayapura,Karnataka,2017-12-01,16.814415,75.8933856
143,70,Harsha Sugars Limited,30.0,Co-gen,Belagavi,Karnataka,2018-08-01,16.1587846,74.888862
144,71,"M/s MRN Cane Power (India)
Ltd",30.0,Co-gen,Bagalkot,Karnataka,2019-02-24,16.1793224,75.6999315
145,72,Athani Sugars Limited,28.0,Co-gen,Belagavi,Karnataka,2019-04-20,16.1587846,74.888862
146,69,Mylar Sugars,25.0,Co-gen,Ballari,Karnataka,,15.3483166,76.8054883
148,1,KPCL,17.2,Hydro,Mandya,Karnataka,1940-06-30,12.6368939,76.7275477
149,2,KPCL,0.4,Hydro,Raichur,Karnataka,1990-01-24,16.0547194,76.9003647
150,3,KPCL,1.0,Hydro,Raichur,Karnataka,1992-11-26,16.0547194,76.9003647
151,4,Bhoruka Power Corporation Ltd.,18.0,Hydro,Koppal,Karnataka,1992-11-29,15.5748238,76.3118494
152,5,KPCL,4.5,Hydro,Shimoga,Karnataka,1993-03-29,14.0556503,75.2380553
153,6,KPCL,4.5,Hydro,Shimoga,Karnataka,1993-04-02,14.0556503,75.2380553
154,7,KPCL,9.0,Hydro,Koppal,Karnataka,1994-03-31,15.5748238,76.3118494
155,8,KPCL,0.35,Hydro,Raichur,Karnataka,1993-12-24,16.0547194,76.9003647
156,9,Bhoruka Power Corporation Ltd.,5.2,Hydro,Yadgir,Karnataka,1997-03-18,16.5744123,76.9254434
157,10,"Brindavan Hydro Power Pvt. Ltd
(Formerly Dandeli Steel & Ferro
Alloys Ltd).,",1.5,Hydro,Shimoga,Karnataka,1997-05-04,14.0556503,75.2380553
158,11,"Gokak Power and Energy
Limited (Formerly Gokak
Textiles Ltd. (Gokak Mills",2.8,Hydro,Belagavi,Karnataka,1997-04-01,16.1587846,74.888862
159,12,"Gokak Power and Energy
Limited (Formerly Gokak
Textiles Ltd. (Gokak Mills",3.5,Hydro,Belagavi,Karnataka,1997-05-04,16.1587846,74.888862
160,13,Graphite India Ltd.,18.0,Hydro,Mysuru,Karnataka,1997-10-13,12.3041464,76.6529521
161,14,"Yuken India Ltd.,",0.35,Hydro,Mandya,Karnataka,1998-07-03,12.6368939,76.7275477
162,15,Cauvery Hydro Energy Ltd.,3.0,Hydro,Mandya,Karnataka,1998-09-10,12.6368939,76.7275477
163,16,Bhoruka Power Corporation Ltd.,1.4,Hydro,Yadgir,Karnataka,1998-11-28,16.5744123,76.9254434
164,17,"Murudeshwara Power
Corporation Ltd.,",11.6,Hydro,Vijayapura,Karnataka,1999-07-14,16.814415,75.8933856
165,18,Energy Development Co. Ltd.,9.0,Hydro,Kodagu,Karnataka,1999-07-19,12.3827332,75.6640715
166,19,Bhoruka Power Corporation Ltd.,2.0,Hydro,Yadgir,Karnataka,1999-08-06,16.5744123,76.9254434
167,20,Tungabhadra Steel Products Ltd.,2.4,Hydro,Belagavi,Karnataka,1999-09-17,16.1587846,74.888862
168,21,Kilara Power Pvt. Ltd.,2.0,Hydro,Mandya,Karnataka,2000-03-31,12.6368939,76.7275477
169,22,"Maruthi Power Gen (India) Pvt.
Ltd.",3.0,Hydro,Hassan,Karnataka,2000-07-10,13.0301852,76.1744968
170,23,"Sandur Manganese & Iron Ores
Ltd.",16.0,Hydro,Hassan,Karnataka,2001-04-20,13.0301852,76.1744968
171,24,Bhoruka Power Corporation Ltd.,3.0,Hydro,Mysuru,Karnataka,2001-07-09,12.3041464,76.6529521
172,25,Atria Power Corporation Ltd.,6.6,Hydro,Mandya,Karnataka,2001-08-01,12.6368939,76.7275477
173,26,Amogha Power Projects Pvt. Ltd.,1.5,Hydro,Hassan,Karnataka,2001-10-01,13.0301852,76.1744968
174,27,Atria Power Corporation Ltd.,18.0,Hydro,Mandya,Karnataka,2001-11-01,12.6368939,76.7275477
175,28,"Vijayalakshmi Hydro Power Pvt.
Ltd.",1.75,Hydro,Mandya,Karnataka,2002-04-03,12.6368939,76.7275477
176,29,Moodabagil Power company,0.5,Hydro,Shimoga,Karnataka,2002-09-19,14.0556503,75.2380553
177,30,"Kalson Power Tech. Pvt. Ltd.,
(Transferred to M/s Master
Power",3.0,Hydro,Mysuru,Karnataka,2002-12-31,12.3041464,76.6529521
178,31,"Maruthi Power Gen (India) Pvt.
Ltd.",5.0,Hydro,Mysuru,Karnataka,2002-12-31,12.3041464,76.6529521
179,32,"Subhash Kabini Power
Corporation Pvt. Ltd.",20.0,Hydro,Mysuru,Karnataka,2003-06-24,12.3041464,76.6529521
180,33,Graphite India Ltd.,1.5,Hydro,Mandya,Karnataka,2003-07-17,12.6368939,76.7275477
181,34,Bhoruka Power Corporation Ltd.,1.0,Hydro,Yadgir,Karnataka,2003-08-30,16.5744123,76.9254434
182,35,Bhoruka Power Corporation Ltd.,3.5,Hydro,Mandya,Karnataka,2004-09-01,12.6368939,76.7275477
183,36,"Sai Spurthi Power Pvt. Ltd.,",10.25,Hydro,Ramanagara,Karnataka,2004-12-01,12.720006,77.3184199
184,37,SLS Power Industries Ltd.,4.5,Hydro,Ballari,Karnataka,2004-04-03,15.3483166,76.8054883
185,38,"Sahyadri Power Company,",0.4,Hydro,Shimoga,Karnataka,2005-01-01,14.0556503,75.2380553
186,39,"International Power Corporation
Ltd.",18.0,Hydro,Hassan,Karnataka,2005-01-10,13.0301852,76.1744968
187,40,Trishul Power Pvt. Ltd.,4.0,Hydro,Mandya,Karnataka,2005-06-28,12.6368939,76.7275477
188,41,"Sandur Manganese & Iron Ores
Ltd.",22.5,Hydro,Udupi,Karnataka,2005-06-29,13.5269784,74.8731879
189,42,Pioneer Genco Ltd.,24.75,Hydro,Mandya,Karnataka,2005-07-01,12.6368939,76.7275477
190,43,Jyothi Jalashakthi Pvt. Ltd.,0.3,Hydro,Ballari,Karnataka,2005-11-01,15.3483166,76.8054883
191,44,"Bhoruka Power Corporation Ltd.
(Merged File No. SH-46 & SH-47)",9.0,Hydro,Dakshina Kannada,Karnataka,2006-04-01,12.8226434,75.2265036
192,45,Atria Power Corporation Ltd.,12.0,Hydro,Mandya,Karnataka,2006-06-01,12.6368939,76.7275477
193,46,SLS Power Industries Ltd.,6.25,Hydro,Chamarajanagar,Karnataka,2006-09-14,11.9544201,77.1069086
194,47,"Sandur Manganese & Iron Ores
Ltd.",8.0,Hydro,Hassan,Karnataka,2007-04-28,13.0301852,76.1744968
195,48,Paschim Hydro Energy Pvt. Ltd.,9.0,Hydro,Hassan,Karnataka,2007-04-30,13.0301852,76.1744968
196,49,Pusala Power Projects Pvt. Ltd.,6.0,Hydro,Ballari,Karnataka,2007-05-01,15.3483166,76.8054883
197,50,Bhoruka Power Corporation Ltd.,24.0,Hydro,Yadgir,Karnataka,2007-06-22,16.5744123,76.9254434
198,51,Pioneer Power Corporation Ltd.,24.75,Hydro,Chamarajanagar,Karnataka,2007-07-29,11.9544201,77.1069086
199,52,Cauvery Hydro Energy Ltd.,4.5,Hydro,Mandya,Karnataka,2007-09-03,12.6368939,76.7275477
200,53,SRS Energy Pvt. Ltd.,10.0,Hydro,Yadgir,Karnataka,2007-09-19,16.5744123,76.9254434
201,54,Venika Green Power Pvt. Ltd.,0.75,Hydro,Mandya,Karnataka,2007-09-27,12.6368939,76.7275477
202,55,"Ambhuthirtha Power Private
Limited",22.0,Hydro,Shimoga,Karnataka,2007-12-06,14.0556503,75.2380553
203,56,"Trinetra Energy Conversions Pvt
Ltd (Formerly Trinetra Energy
Conversions Ltd.),",4.5,Hydro,Dakshina Kannada,Karnataka,2008-07-05,12.8226434,75.2265036
204,57,Mrijara Powers,0.75,Hydro,Shimoga,Karnataka,2008-10-24,14.0556503,75.2380553
205,58,"Narayanapur Power Company
Ltd.,",12.0,Hydro,Raichur,Karnataka,2009-01-19,16.0547194,76.9003647
206,59,Limbavali Power Pvt. Ltd.,12.0,Hydro,Mandya,Karnataka,2009-04-07,12.6368939,76.7275477
207,60,"Sandur Manganese & Iron Ores
Ltd.",15.0,Hydro,Udupi,Karnataka,2009-04-17,13.5269784,74.8731879
208,61,Shamili hydel Power Project,12.0,Hydro,Udupi,Karnataka,2009-06-21,13.5269784,74.8731879
209,62,Bhoruka Power Corporation Ltd.,10.0,Hydro,Kodagu,Karnataka,2009-06-27,12.3827332,75.6640715
210,63,Sagar Power (Dandela) Pvt. Ltd.,13.0,Hydro,Dakshina Kannada,Karnataka,2009-07-19,12.8226434,75.2265036
211,64,"International Power Corporation
Private Limited , (Formerly 2.
M/s. Prasanna Power Private",6.0,Hydro,Dakshina Kannada,Karnataka,2009-08-13,12.8226434,75.2265036
212,65,"Rithwk Energy Generation Pvt.
Ltd.",24.0,Hydro,Dakshina Kannada,Karnataka,2009-09-28,12.8226434,75.2265036
213,66,"Sagar Power (Neerukatte) Pvt.
Ltd.",15.0,Hydro,Dakshina Kannada,Karnataka,2009-09-09,12.8226434,75.2265036
214,67,AMR Power Pvt. Ltd.,24.0,Hydro,Dakshina Kannada,Karnataka,2009-09-12,12.8226434,75.2265036
215,68,"Soham Phalguni Power Pvt .
(Formerly Bobba Power Pvt.
Ltd).",15.0,Hydro,Dakshina Kannada,Karnataka,2009-09-17,12.8226434,75.2265036
216,69,Atria Brindavan Power Ltd.,4.0,Hydro,Mandya,Karnataka,2009-11-02,12.6368939,76.7275477
217,70,"Nagarjuna Hydro Energy Pvt.
Ltd.",15.0,Hydro,Hassan,Karnataka,2010-08-04,13.0301852,76.1744968
218,71,Jasper Energy Pvt. Ltd.,10.5,Hydro,Vijayapura,Karnataka,2010-08-04,16.814415,75.8933856
219,72,Energy Development Co. Ltd.,6.0,Hydro,Kodagu,Karnataka,2010-10-19,12.3827332,75.6640715
220,73,LK Power Corporation Ltd.,2.0,Hydro,Mandya,Karnataka,2011-01-22,12.6368939,76.7275477
221,74,Mysore Mercantile co. Ltd.,3.0,Hydro,Hassan,Karnataka,2011-01-22,13.0301852,76.1744968
222,75,Bonal Hydro Electric company,1.25,Hydro,Kalaburagi,Karnataka,2011-08-12,17.2408957,76.7697439
223,76,Dishaa Power Corporation Ltd.,4.8,Hydro,Dakshina Kannada,Karnataka,2011-08-12,12.8226434,75.2265036
224,77,Atria Power Corporation Ltd.,6.0,Hydro,Mandya,Karnataka,2011-10-24,12.6368939,76.7275477
225,78,"SRM Power (P) Ltd.,",6.0,Hydro,Chikkamagaluru,Karnataka,2011-10-24,13.4058699,75.638758
226,79,"A) SouthWest Hydro Power Pvt
Ltd",2.5,Hydro,Yadgir,Karnataka,2011-11-04,16.5744123,76.9254434
227,80,"Sugnaneshwara Hydel Power
Pvt. Ltd.,",13.5,Hydro,Yadgir,Karnataka,2011-12-25,16.5744123,76.9254434
228,81,Anjaneya Power Tech Pvt. Ltd.,0.8,Hydro,Raichur,Karnataka,1905-07-03,16.0547194,76.9003647
229,82,Tungabhadra Power Co. Pvt. Ltd.,18.0,Hydro,Ballari,Karnataka,2012-08-30,15.3483166,76.8054883
230,83,"A) SouthWest Hydro Power Pvt
Ltd",2.5,Hydro,Yadgir,Karnataka,2012-08-29,16.5744123,76.9254434
231,84,Sarovar Energy Pvt. Ltd.,1.26,Hydro,Raichur,Karnataka,2012-09-24,16.0547194,76.9003647
232,85,"Gokak Power and Energy
Limited (Formerly Gokak
Textiles Ltd. (Gokak Mills",4.5,Hydro,Belagavi,Karnataka,2012-10-01,16.1587846,74.888862
233,86,"Krishna Hydro Energy Ltd.
(Formerly Jyothi Jalashakthi Pvt
Ltd.,)",24.75,Hydro,Yadgir,Karnataka,2013-02-05,16.5744123,76.9254434
234,87,"Bhavana Hydro Electric Private
Limited",2.0,Hydro,Yadgir,Karnataka,2013-07-30,16.5744123,76.9254434
235,88,"Lakshmi Jala Vidyuth (Krishna )
Ltd.",24.75,Hydro,Yadgir,Karnataka,2013-08-14,16.5744123,76.9254434
236,89,"Khandaleru Power Pvt Ltd, (NCL
Energy Ltd)",1.4,Hydro,Ballari,Karnataka,2013-08-31,15.3483166,76.8054883
237,90,Flax Hydro Energy Pvt. Ltd.,1.5,Hydro,Hassan,Karnataka,2013-09-02,13.0301852,76.1744968
238,91,Sai Nireeha Power Pvt. Ltd.,5.0,Hydro,Hassan,Karnataka,2013-09-05,13.0301852,76.1744968
239,92,"Soham Renewable Energy India
Pvt. Ltd.",6.0,Hydro,Mandya,Karnataka,2014-03-28,12.6368939,76.7275477
240,93,Brindavan Hydro Power Pvt. Ltd.,24.0,Hydro,Shimoga,Karnataka,2014-06-13,14.0556503,75.2380553
241,94,Vasgi power,0.65,Hydro,Shimoga,Karnataka,2014-06-06,14.0556503,75.2380553
242,95,"GVP Infra Projects Private
Limited",15.0,Hydro,Udupi,Karnataka,2014-10-16,13.5269784,74.8731879
243,96,Rising Sun Power (P) Ltd.,2.0,Hydro,Ramanagara,Karnataka,2014-10-26,12.720006,77.3184199
244,97,Saroj Energy Company Pvt. Ltd.,1.5,Hydro,Ramanagara,Karnataka,2015-01-23,12.720006,77.3184199
245,98,"Mount Kailash Power Projects
Pvt. Ltd.",10.5,Hydro,Dakshina Kannada,Karnataka,2015-06-27,12.8226434,75.2265036
246,99,Devar Power Private Ltd.,3.8,Hydro,Udupi,Karnataka,2015-07-10,13.5269784,74.8731879
247,100,Kare Power Resources Pvt. Ltd.,24.75,Hydro,Raichur,Karnataka,2015-09-16,16.0547194,76.9003647
248,101,Kodagu Hydel Projects Pvt. Ltd.,3.0,Hydro,Kodagu,Karnataka,,12.3827332,75.6640715
249,102,"Perla Hydro Power Private
Limited",5.0,Hydro,Dakshina Kannada,Karnataka,2016-12-12,12.8226434,75.2265036
250,103,"GSSMR Energy Power Pvt. Ltd
Formerly ( GSSMR Power Private
Limited)",0.5,Hydro,Yadgir,Karnataka,2017-05-31,16.5744123,76.9254434
251,104,"Perla Hydro Power Private
Limited",5.0,Hydro,Dakshina Kannada,Karnataka,2017-07-03,12.8226434,75.2265036
252,105,"International Power Corporation
Private Limited , (Formerly 2.
M/s. Prasanna Power Private",3.0,Hydro,Dakshina Kannada,Karnataka,2017-10-04,12.8226434,75.2265036
253,106,Sai Deepthi Power Pvt. Ltd.,1.5,Hydro,Shimoga,Karnataka,2018-04-05,14.0556503,75.2380553
254,107,"M/s Maruthi power gen(India)
pvt ltd",24.0,Hydro,Hassan,Karnataka,2019-05-08,13.0301852,76.1744968
