PlantName,Type,Capacity_MW,District,Latitude,Longitude,MatchStatus,WeatherAvailable,MappingStatus
ACME (KURUKSHETHRA),Solar,50.0,,,,Unverified,False,Unmapped
ACME (RIWARI),Solar,50.0,,,,Unverified,False,Unmapped
ADYAH BLOCK 1,Solar,50.0,,,,Unverified,False,Unmapped
ADYAH BLOCK 1,Solar,150.0,,,,Unverified,False,Unmapped
ADYAH BLOCK 10,Solar,50.0,,,,Unverified,False,Unmapped
ADYAH BLOCK 13,Solar,50.0,,,,Unverified,False,Unmapped
ADYAH BLOCK 2,Solar,50.0,,,,Unverified,False,Unmapped
ADYAH BLOCK 3,Solar,150.0,,,,Unverified,False,Unmapped
ADYAH BLOCK 6,Solar,50.0,,,,Unverified,False,Unmapped
AMPLUS PAVAGADA,Solar,50.0,Tumakuru,13.419251,76.881,Probable,True,Mapped
AMPLUS TUMKUR,Solar,50.0,Tumakuru,13.419251,76.881,Probable,True,Mapped
AVAADA SOLAR,Solar,150.0,,,,Unverified,False,Unmapped
AVAADA SOLARISE,Solar,150.0,,,,Unverified,False,Unmapped
AZURE POWER EARTH,Solar,100.0,,,,Unverified,False,Unmapped
FORTUM FIN SURYA,Solar,100.0,,,,Unverified,False,Unmapped
FORTUM SOLAR,Solar,250.0,,,,Unverified,False,Unmapped
GADAG_SERENTICA3_S,Solar,69.0,Gadag,15.416692,75.68158,Probable,True,Mapped
GADAG_VENA_S,Solar,31.0,Gadag,15.416692,75.68158,Probable,True,Mapped
GADAG_VENA_W,Wind,133.0,Gadag,15.416692,75.68158,Probable,True,Mapped
IRCON SOLAR,Solar,50.0,,,,Unverified,False,Unmapped
KOPPAL RENEWOJAS Wind,Wind,291.0,Koppal,15.574824,76.311849,Probable,True,Mapped
KOPPAL SRI1PL,Solar,120.0,Koppal,15.574824,76.311849,Probable,True,Mapped
KOPPAL SRI1PL,Solar,188.0,Koppal,15.574824,76.311849,Probable,True,Mapped
KOPPAL_AYANASIX_W,Wind,50.0,Koppal,15.574824,76.311849,Probable,True,Mapped
KOPPAL_AYANASIX_W,Wind,300.0,Koppal,15.574824,76.311849,Probable,True,Mapped
KOPPAL_KLEIO_S,Solar,105.0,Koppal,15.574824,76.311849,Probable,True,Mapped
KOPPAL_KLEIO_W,Wind,101.0,Koppal,15.574824,76.311849,Probable,True,Mapped
KOPPAL_RENEWOJAS_S,Solar,81.0,Koppal,15.574824,76.311849,Probable,True,Mapped
KOPPAL_RENEWROSHNI_W,Wind,73.0,Koppal,15.574824,76.311849,Probable,True,Mapped
KOPPAL_RENEWROSHNI_W,Wind,291.0,Koppal,15.574824,76.311849,Probable,True,Mapped
KOPPAL_SRI1PL_W,Wind,79.0,Koppal,15.574824,76.311849,Probable,True,Mapped
KOPPAL_TPSAURYA_S,Solar,131.0,Koppal,15.574824,76.311849,Probable,True,Mapped
KREDL,Solar,50.0,,,,Unverified,False,Unmapped
KREDL,Solar,100.0,,,,Unverified,False,Unmapped
Koppal Renewojas,Wind,277.0,Koppal,15.574824,76.311849,Probable,True,Mapped
PARAMPUJYA,Solar,150.0,,,,Unverified,False,Unmapped
PVG_SPRING SOLAR INDIA( 5 * 50 ),Solar,250.0,,,,Unverified,False,Unmapped
RENEW TN2,Solar,50.0,,,,Unverified,False,Unmapped
SBG ENERGY,Solar,100.0,,,,Unverified,False,Unmapped
SBG ENERGY,Solar,200.0,,,,Unverified,False,Unmapped
SIMHADRI SOLAR,Solar,25.0,,,,Unverified,False,Unmapped
TATA RENEWABLES,Solar,250.0,,,,Unverified,False,Unmapped
TATA RENEWABLES,Solar,400.0,,,,Unverified,False,Unmapped
YARROW,Solar,50.0,,,,Unverified,False,Unmapped
