Feature,Importance
num__Capacity_MW,0.47244787466172256
num__WindSpeed,0.15551124671208758
num__DayOfYear,0.07268610809071259
cat__Type_Solar,0.060057969807564476
num__Pressure,0.04726899963704618
num__GHI,0.0449877933249601
num__Temperature,0.03989155050841708
cat__Type_Wind,0.037369029012906625
num__Humidity,0.02976448493429222
num__Day,0.01846940406796155
num__Month,0.010139100618589
cat__District_Gadag,0.008742994039969343
cat__District_Koppal,0.0025346715845451263
cat__District_Tumakuru,0.00012877299922551833
