PlantName,District
AMPLUS PAVAGADA,Tumakuru
AMPLUS TUMKUR,Tumakuru
AVAADA SOLAR,Koppal
AVAADA SOLARISE,Koppal
AZURE POWER EARTH,Koppal
All ADYAH,Tumakuru
FORTUM FIN SURYA,Tumakuru
FORTUM SOLAR,Tumakuru
GADAG_VENA_S,Gadag
GADAG_VENA_W,Gadag
IRCON SOLAR,Koppal
KOPPAL SRI1PL,Koppal
KOPPAL_AYANASIX_W,Koppal
KOPPAL_KLEIO_S,Koppal
KOPPAL_RENEWOJAS_S,Koppal
KOPPAL_RENEWROSHNI_W,Koppal
KREDL,Bengaluru Urban
Koppal Renewojas,Koppal
PARAMPUJYA,Tumakuru
RENEW TN2,Koppal
SBG ENERGY,Tumakuru
TATA RENEWABLES,Tumakuru
YARROW,Koppal