GenerationName,MatchedPlant,Similarity
KOPPAL_AYANASIX_W,KPCL,28.57142857142857
KOPPAL_RENEWROSHNI_W,KPCL,25.0
KOPPAL SRI1PL,KPCL,35.29411764705882
IRCON SOLAR,KPCL,26.66666666666667
GADAG_VENA_W,GEM Sugars Ltd.,14.814814814814813
GADAG_VENA_S,GEM Sugars Ltd.,22.22222222222222
KOPPAL_RENEWOJAS_S,KPCL,27.27272727272727
All ADYAH,H P Rajesh,21.052631578947366
AMPLUS PAVAGADA,AMR Power Pvt. Ltd.,29.411764705882348
AMPLUS TUMKUR,H P Rajesh,26.086956521739136
AVAADA SOLAR,NSL Sugars Ltd.,22.22222222222222
AVAADA SOLARISE,NSL Sugars Ltd.,26.66666666666667
AZURE POWER EARTH,H P Rajesh,29.629629629629626
FORTUM FIN SURYA,Manali Sugar Ltd.,24.242424242424242
FORTUM SOLAR,Mylar Sugars,25.0
KREDL,KPCL,44.44444444444444
PARAMPUJYA,KPR Sugar Mills Pvt. Ltd.,22.857142857142854
RENEW TN2,NSL Sugars Ltd. Unit-2,19.354838709677423
SBG ENERGY,Shakuntala Naik,24.0
TATA RENEWABLES,NSL Sugars Ltd. Unit-2,21.62162162162162
YARROW,AMR Power Pvt. Ltd.,16.000000000000004
Koppal Renewojas,Giriraj Renewables PVt Ltd,42.85714285714286
KOPPAL_KLEIO_S,KPCL,33.333333333333336
